id,Date,Page,Title,Category,URL
1,2024/01/02,1,Tech Stocks Drop to Start 2024,U.S. Markets,https://www.wsj.com/finance/stocks/global-stocks-markets-dow-news-01-02-2024-5d7517dc
2,2024/01/03,1,"Fed Minutes Suggest Rate Hikes Are Over, but Offer No Timetable on Cuts",U.S. Economy,https://www.wsj.com/economy/central-banking/fed-minutes-suggest-hikes-are-over-but-offer-no-timetable-on-cuts-1972be7b
3,2024/01/03,1,Stocks Fall in New Year,U.S. Markets,https://www.wsj.com/finance/stocks/global-stocks-markets-dow-news-01-03-2024-1a944ec6
4,2024/01/03,1,Finding a New Job Is Getting Harder,U.S. Economy,https://www.wsj.com/economy/jobs/finding-a-new-job-is-getting-harder-499dcf8e
5,2024/01/04,1,Tech Stocks Extend Their New Year Stumble,U.S. Markets,https://www.wsj.com/finance/stocks/tech-stocks-extend-their-new-year-stumble-bb19fe8a
6,2024/01/05,1,Stocks End Rough Week on High Note After Jobs Report,U.S. Markets,https://www.wsj.com/finance/stocks/global-stocks-markets-dow-news-01-05-2023-11cecd20
7,2024/01/08,1,Tech Giants Drive Stock Rebound,U.S. Markets,https://www.wsj.com/finance/stocks/global-stocks-markets-dow-news-01-08-2024-60643316
8,2024/01/09,1,"Nasdaq Edges Higher, Continuing Climb",U.S. Markets,https://www.wsj.com/finance/stocks/global-stocks-markets-dow-news-01-09-2024-3021de51
9,2024/01/10,1,S&P 500 Inches Closer to Record High,U.S. Markets,https://www.wsj.com/finance/stocks/global-stocks-markets-dow-news-01-10-2024-6ab82361
10,2024/01/11,1,Inflation Edged Up in December After Rapid Cooling Most of 2023,U.S. Economy,https://www.wsj.com/economy/us-inflation-consumer-price-index-december-2023-c4ac6a19
11,2024/01/11,1,Stocks Finish Roughly Flat After Inflation Data,U.S. Markets,https://www.wsj.com/finance/stocks/global-stocks-markets-dow-news-01-11-2024-3986db5d
12,2024/01/12,1,S&P 500 Falls Short of Record Despite Weekly Gain,U.S. Markets,https://www.wsj.com/finance/stocks/global-stocks-markets-dow-news-01-12-2024-0bee59cf
13,2024/01/13,1,"How Iowa’s Economy Is Faring Heading Into the Caucuses, in Seven Charts",U.S. Economy,https://www.wsj.com/economy/how-iowas-economy-is-faring-heading-into-the-caucuses-in-seven-charts-cef930ab
14,2024/01/15,1,"Stocks in Japan, India Notch Historic Highs; U.S. Markets to Reopen Tuesday",U.S. Markets,https://www.wsj.com/finance/stocks/global-stocks-markets-dow-news-01-15-2024-b4cb6b37
15,2024/01/15,1,Fed Tiptoes Toward Dialing Back Key Channel of Monetary Tightening,U.S. Economy,https://www.wsj.com/economy/central-banking/fed-tiptoes-toward-dialing-back-key-channel-of-monetary-tightening-55127982
16,2024/01/16,1,Broad Losses Pull Stock Indexes Lower,U.S. Markets,https://www.wsj.com/finance/stocks/global-stocks-markets-dow-news-01-16-2024-5cc239e2
17,2024/01/17,1,Stocks Fall on Rate-Cut Pessimism,U.S. Markets,https://www.wsj.com/finance/stocks/global-stocks-markets-dow-news-01-17-2024-bee07db5
18,2024/01/17,1,Consumers Start 2024 on Strong Footing After a Jolly Holiday,U.S. Economy,https://www.wsj.com/economy/consumers/us-retail-sales-report-2024-030eaa0a
19,2024/01/18,1,Stocks Advance After Tech Shares Lift Nasdaq,U.S. Markets,https://www.wsj.com/finance/stocks/global-stocks-markets-dow-news-01-18-2024-12020f90
20,2024/01/19,1,"S&P 500 Climbs 1.2%, Hits Record",U.S. Markets,https://www.wsj.com/finance/stocks/global-stocks-markets-dow-news-01-19-2024-1480a097
21,2024/01/19,1,Americans Are Suddenly a Lot More Upbeat About the Economy,U.S. Economy,https://www.wsj.com/economy/consumers/americans-are-finally-feeling-better-about-the-economy-e964804f
22,2024/01/19,1,Home Sales Were the Lowest in Almost 30 Years in 2023,U.S. Economy,https://www.wsj.com/economy/housing/home-sales-likely-fell-to-15-year-low-in-2023-3da220e1
23,2024/01/21,1,Labor Supply Helped Tame Inflation. It Might Not Have Much More to Give.,U.S. Economy,https://www.wsj.com/economy/jobs/labor-supply-helped-tame-inflation-it-might-not-have-much-more-to-give-0d694844
24,2024/01/22,1,Dow Climbs Above 38000 to a Record; S&P 500 Reaches High,U.S. Markets,https://www.wsj.com/finance/stocks/global-stocks-markets-dow-news-01-22-2024-0d2b981f
25,2024/01/23,1,S&P 500 Rises to Fresh Record,U.S. Markets,https://www.wsj.com/finance/stocks/global-stocks-markets-dow-news-01-23-2024-0ad6a147
26,2024/01/24,1,S&P 500 Notches Fourth-Straight Record,U.S. Markets,https://www.wsj.com/finance/stocks/global-stocks-markets-dow-news-01-24-2024-0998cc2d
27,2024/01/25,1,Surprisingly Strong Economy Pushes S&P 500 to Another Record,U.S. Markets,https://www.wsj.com/finance/stocks/global-stocks-markets-dow-news-01-25-2024-bd127fa8
28,2024/01/25,2,What Recession? Growth Ended Up Accelerating in 2023,U.S. Economy,https://www.wsj.com/economy/gdp-us-economy-fourth-quarter-2023-9fc372f0
29,2024/01/25,2,"We Tried the IRS’s New, Free TurboTax Alternative. It’s Probably Not for You This Year.",U.S. Economy,https://www.wsj.com/personal-finance/taxes/can-the-irss-new-free-tax-filing-tool-replace-turbotax-we-tried-it-out-77a6b243
30,2024/01/26,1,Stocks Notch Weekly Gains; Major Indexes Sit Near Records,U.S. Markets,https://www.wsj.com/finance/stocks/global-stocks-markets-dow-news-01-26-2024-05099cf8
31,2024/01/26,2,Cooler Inflation Keeps Door Open for Rate Cuts This Year,U.S. Economy,https://www.wsj.com/economy/central-banking/what-to-watch-in-fridays-spending-report-a-last-look-at-inflation-before-the-fed-meeting-353665d9
32,2024/01/29,1,S&P 500 Starts Busy Week With Fresh Record,U.S. Markets,https://www.wsj.com/finance/stocks/global-stocks-markets-dow-news-01-29-2024-368ad121
33,2024/01/30,1,S&P 500 Backs Off Record After Tech Shares Drop,U.S. Markets,https://www.wsj.com/finance/stocks/global-stocks-markets-dow-news-01-30-2024-6bdb807e
34,2024/01/30,2,Job Quitting Fell 12% Last Year—and That’s Bad News for the Economy,U.S. Economy,https://www.wsj.com/economy/jobs/fewer-workers-are-quitting-heres-what-that-means-for-the-economy-82e6c55b
35,2024/01/30,2,Home-Price Growth Accelerated in November,U.S. Economy,https://www.wsj.com/economy/housing/home-price-growth-accelerated-in-november-d82d828d
36,2024/01/31,1,Fed Signals Cuts Are Possible but Not Imminent as It Holds Rates Steady,U.S. Economy,https://www.wsj.com/economy/central-banking/fed-leaves-rates-steady-and-opens-door-wider-to-cuts-d10a107d
37,2024/01/31,1,Stocks Start 2024 With Third Straight Month of Gains,U.S. Markets,https://www.wsj.com/finance/stocks/global-stocks-markets-dow-news-01-31-2024-e0dcca54
38,2024/01/31,2,Where Are Interest Rates Headed? What to Expect From the Fed Meeting,U.S. Economy,https://www.wsj.com/economy/central-banking/federal-reserve-meeting-interest-rates-inflation-f46b5d41
39,2024/02/01,1,Stocks Rebound After Fed-Induced Pullback,U.S. Markets,https://www.wsj.com/finance/stocks/global-stocks-markets-dow-news-02-01-2024-889dbc3f
40,2024/02/01,3,Powell Navigates ‘Toxic’ Politics of Rate Cuts as Election Nears,U.S. Economy,https://www.wsj.com/economy/central-banking/fed-interest-rate-cuts-election-2024-843cc25a
41,2024/02/02,1,"Jobs Growth of 353,000 Blasts Past Expectations as Labor Market Stays Hot",U.S. Economy,https://www.wsj.com/economy/jobs/jobs-report-january-today-unemployment-economy-4f3a772e
42,2024/02/02,1,"S&P 500, Dow Reach New Highs",U.S. Markets,https://www.wsj.com/finance/stocks/global-stocks-markets-dow-news-02-02-2024-3692b3ce
43,2024/02/03,1,The College Professor Who Got a Weird Year for the Economy Right,U.S. Economy,https://www.wsj.com/economy/the-college-professor-who-got-a-weird-year-for-the-economy-right-5ee09449
44,2024/02/04,1,Powell Says Fed Has New Focus: When to Cut Rates,U.S. Economy,https://www.wsj.com/economy/central-banking/powell-says-fed-has-new-focus-when-to-cut-rates-dbc3f6af
45,2024/02/05,1,Stocks Fall After Powell Says Caution Is Needed on Rate Cuts,U.S. Markets,https://www.wsj.com/finance/stocks/global-stocks-markets-dow-news-02-05-2024-cb14b7c5
46,2024/02/05,2,"U.S. Services Activity Expands More Than Expected, Says ISM",U.S. Economy,https://www.wsj.com/economy/central-banking/u-s-services-activity-expands-more-than-expected-says-ism-3fe80ef7
47,2024/02/06,1,Blue-Chip Dow Leads Stocks Higher,U.S. Markets,https://www.wsj.com/finance/stocks/global-stocks-markets-dow-news-02-06-2024-a282ca26
48,2024/02/07,1,Stocks Notch New Record in Broad Rally,U.S. Markets,https://www.wsj.com/finance/stocks/global-stocks-markets-dow-news-02-07-2024-82ad3ec8
49,2024/02/08,1,S&P 500 Hits Intraday Record of 5000,U.S. Markets,https://www.wsj.com/finance/stocks/global-stocks-markets-dow-news-02-08-2024-21198b12
50,2024/02/09,1,S&P 500 Pushes Above 5000 Mark on Economic Strength,U.S. Markets,https://www.wsj.com/finance/stocks/global-stocks-markets-dow-news-02-09-2024-5d7d7b6e
51,2024/02/12,1,S&P 500 Slips After Streak of Records,U.S. Markets,https://www.wsj.com/finance/stocks/global-stocks-markets-dow-news-02-12-2024-da335e6b
52,2024/02/13,1,Hotter-Than-Expected Inflation Clouds Rate-Cut Outlook,U.S. Economy,https://www.wsj.com/economy/consumers/what-to-watch-in-the-cpi-report-will-inflation-fall-below-3-ffc5859a
53,2024/02/13,1,Stocks Drop After Hot Inflation Report Clouds Rate-Cut Outlook,U.S. Markets,https://www.wsj.com/finance/stocks/global-stocks-markets-dow-news-02-13-2024-023bdd1f
54,2024/02/14,1,Stocks Recover After Inflation Fears Roil Markets,U.S. Markets,https://www.wsj.com/finance/stocks/global-stocks-markets-dow-news-02-14-2024-27587c60
55,2024/02/15,1,Broad Stock Advance Lifts S&P 500 to Record,U.S. Markets,https://www.wsj.com/finance/stocks/global-stocks-markets-dow-news-02-15-2024-9f857cc2
56,2024/02/15,1,U.S. Shoppers Cut Back in January,U.S. Economy,https://www.wsj.com/economy/consumers/why-wall-street-expects-an-underwhelming-retail-sales-report-c8f01bbe
57,2024/02/15,2,Immigration Wave Delivers Economic Windfall. But There’s a Catch.,U.S. Economy,https://www.wsj.com/economy/jobs/immigration-wave-delivers-economic-windfall-but-theres-a-catch-51085c4f
58,2024/02/16,1,Investors Hit Pause on 2024’s Market Rally,U.S. Markets,https://www.wsj.com/finance/stocks/global-stocks-markets-dow-news-02-16-2024-ec384992
59,2024/02/19,1,Stock Futures Rise Ahead of Busy Earnings Week,U.S. Markets,https://www.wsj.com/finance/stocks/global-stocks-markets-dow-news-02-19-2024-14463959
60,2024/02/20,1,Nvidia Drags Down Stock Market Ahead of Its Earnings Report,U.S. Markets,https://www.wsj.com/finance/stocks/global-stocks-markets-dow-news-02-16-2024-4cd79176
61,2024/02/20,2,Data Show the Economy Is Booming. Wall Street Thinks Otherwise.,U.S. Economy,https://www.wsj.com/economy/united-states-economy-data-experts-soft-landing-1f23b1a5
62,2024/02/21,1,It’s Been 30 Years Since Food Ate Up This Much of Your Income,U.S. Economy,https://www.wsj.com/economy/consumers/its-been-30-years-since-food-ate-up-this-much-of-your-income-2e3dd3ed
63,2024/02/21,1,Nasdaq Falls for Third Straight Session Ahead of Nvidia Earnings,U.S. Markets,https://www.wsj.com/finance/stocks/global-stocks-markets-dow-news-02-16-2024-85921d94
64,2024/02/21,1,Fed Minutes Show Unease Over Premature Cuts,U.S. Economy,https://www.wsj.com/economy/central-banking/federal-reserve-minutes-jan-2024-rate-cuts-25f72187
65,2024/02/22,1,Nvidia Shares Electrify Markets Around the Globe,U.S. Markets,https://www.wsj.com/finance/stocks/global-stocks-markets-dow-news-02-22-2024-61ac8473
66,2024/02/22,2,Home Sales Rebound After Last Year’s Sharp Decline,U.S. Economy,https://www.wsj.com/economy/housing/home-sales-mortgage-data-january-2024-71eb3858
67,2024/02/23,1,AI Mania Lifts Stock Indexes to Records,U.S. Markets,https://www.wsj.com/finance/stocks/global-stocks-markets-dow-news-02-23-2024-92171f30
68,2024/02/26,1,Stocks Slip Ahead of Inflation Data,U.S. Markets,https://www.wsj.com/finance/stocks/global-stocks-markets-dow-news-02-26-2024-97521b55
69,2024/02/26,2,Treasury Markets Are Losing Their Shock Absorber,U.S. Economy,https://www.wsj.com/economy/central-banking/treasury-markets-are-losing-their-shock-absorber-75ed6ea1
70,2024/02/27,1,Nasdaq Approaches Its Record High,U.S. Markets,https://www.wsj.com/finance/stocks/global-stocks-markets-dow-news-02-27-2024-b9016f71
71,2024/02/27,1,Food Is Taking a Bite Out of Your Income. These Consumers Are Getting Creative.,U.S. Economy,https://www.wsj.com/economy/consumers/food-is-taking-a-bite-out-of-your-income-these-consumers-are-getting-creative-e51a3d46
72,2024/02/28,1,Tech Stocks Lead U.S. Indexes Lower,U.S. Markets,https://www.wsj.com/finance/stocks/global-stocks-markets-dow-news-02-28-2024-08976f45
73,2024/02/28,2,The Fed Governor Who Proved Larry Summers Wrong,U.S. Economy,https://www.wsj.com/economy/central-banking/the-fed-contrarian-who-saw-the-soft-landing-coming-9a4f1b9f
74,2024/02/29,1,Nasdaq Closes at Record High,U.S. Markets,https://www.wsj.com/finance/stocks/global-stocks-markets-dow-news-02-29-2024-f4fb0982
75,2024/02/29,2,"One Says 2.4%, Another Says 3.1%. Which Inflation Metric Is Right?",U.S. Economy,https://www.wsj.com/economy/central-banking/one-says-2-4-another-says-3-1-which-inflation-metric-is-right-5fbc6634
76,2024/03/01,1,Nvidia Tops $2 Trillion Valuation and Pushes Market Higher,U.S. Markets,https://www.wsj.com/finance/stocks/global-stocks-markets-dow-news-03-01-2024-03a17c15
77,2024/03/04,1,S&P 500 Retreats From Record,U.S. Markets,https://www.wsj.com/finance/stocks/global-stocks-markets-dow-news-03-04-2024-1f652a5d
78,2024/03/05,1,S&P 500 Drops Farther From Record,U.S. Markets,https://www.wsj.com/finance/stocks/global-stocks-markets-dow-news-03-05-2024-337d994c
79,2024/03/06,1,Stocks Rise After Fed’s Powell Lifts Rate-Cut Hopes,U.S. Markets,https://www.wsj.com/finance/stocks/global-stocks-markets-dow-news-03-06-2024-c0510108
80,2024/03/06,1,Powell Says Fed on Track to Cut Rates This Year,U.S. Economy,https://www.wsj.com/economy/central-banking/powell-says-fed-on-track-to-cut-rates-this-year-52e5feb3
81,2024/03/07,1,S&P 500 Hits New Record Ahead of Jobs Data,U.S. Markets,https://www.wsj.com/finance/stocks/global-stocks-markets-dow-news-03-07-2024-b994172f
82,2024/03/07,1,Powell: Fed Is ‘Not Far’ From Gaining Confidence Needed to Cut Rates,U.S. Economy,https://www.wsj.com/economy/central-banking/powell-fed-is-not-far-from-gaining-confidence-needed-to-cut-rates-75c9b061
83,2024/03/08,1,Stocks Fall After February Jobs Report,U.S. Markets,https://www.wsj.com/finance/stocks/global-stocks-markets-dow-news-03-08-2024-49f42b0d
84,2024/03/08,1,"Hiring Boom Continues, but Signs of Cooling Labor Market Boost Rate-Cut Hopes",U.S. Economy,https://www.wsj.com/economy/jobs/jobs-report-february-unemployment-dc181052
85,2024/03/11,1,S&P 500 Slips Ahead of Key Inflation Data,U.S. Markets,https://www.wsj.com/finance/stocks/global-stocks-markets-dow-news-03-11-2024-f00b9239
86,2024/03/12,1,S&P 500 Hits New Record After Hot Inflation Data,U.S. Markets,https://www.wsj.com/finance/stocks/global-stocks-markets-dow-news-03-12-2024-2daf1bb0
87,2024/03/12,1,"Inflation Picks Up to 3.2%, Slightly Hotter Than Expected",U.S. Economy,https://www.wsj.com/economy/inflation-february-cpi-report-interest-rate-b827c0e7
88,2024/03/13,1,S&P 500 Slips Below Record After Chip Selloff,U.S. Markets,https://www.wsj.com/finance/stocks/global-stocks-markets-dow-news-03-13-2024-38514014
89,2024/03/14,1,U.S. Stocks Fall as Investors Try to Guess Fed’s Rate Path,U.S. Markets,https://www.wsj.com/finance/stocks/u-s-stocks-fall-as-investors-try-to-guess-feds-rate-path-222b7d98
90,2024/03/15,1,Inflation Worries Push S&P 500 to Second Straight Weekly Loss,U.S. Markets,https://www.wsj.com/finance/stocks/global-stocks-markets-dow-news-03-15-2024-0ce95baa
91,2024/03/18,1,"Alphabet, Tesla Power Stock Indexes Higher",U.S. Markets,https://www.wsj.com/finance/stocks/global-stocks-markets-dow-news-03-18-2024-14b9bce8
92,2024/03/19,1,Stocks Rise Ahead of Fed’s Rate Decision,U.S. Markets,https://www.wsj.com/finance/stocks/global-stocks-markets-dow-news-03-19-2024-44ed7963
93,2024/03/20,1,"Fed Officials Still See Three Interest-Rate Cuts This Year, Buoying Stocks",U.S. Economy,https://www.wsj.com/economy/central-banking/fed-officials-still-see-three-cuts-this-year-0b039532
94,2024/03/20,1,Stocks Rise After Fed Maintains Rate-Cut Outlook,U.S. Markets,https://www.wsj.com/finance/stocks/global-stocks-markets-dow-news-03-20-2024-f0a49293
95,2024/03/21,1,U.S. Stocks Hit New Highs—Again—as Investors Prep for Lower Rates,U.S. Markets,https://www.wsj.com/finance/stocks/global-stocks-markets-dow-news-03-20-2024-005c911b
96,2024/03/21,2,U.S. Home Sales Jumped 9.5% in February,U.S. Economy,https://www.wsj.com/economy/housing/u-s-home-sales-jumped-nearly-10-in-february-7f77a35a
97,2024/03/21,2,The Fed’s Conundrum: Interest Rates Are Both Too High—and Too Low,U.S. Economy,https://www.wsj.com/economy/central-banking/the-feds-conundrum-interest-rates-are-both-too-highand-too-low-f05a9d3a
98,2024/03/22,1,"Stocks Take a Breather, Slipping at the End of a Red-Hot Week",U.S. Markets,https://www.wsj.com/finance/stocks/global-stocks-markets-dow-news-03-22-2024-8063f0c9
99,2024/03/25,1,Stocks Retreat to Start Holiday-Shortened Week,U.S. Markets,https://www.wsj.com/finance/stocks/global-stocks-markets-dow-news-03-25-2024-e8ba35c5
100,2024/03/26,1,Stocks Extend Slide From Recent Records,U.S. Markets,https://www.wsj.com/finance/stocks/global-stocks-markets-dow-news-03-26-2024-bb0800f3
101,2024/03/27,1,Stocks Advance to Break Losing Streak,U.S. Markets,https://www.wsj.com/finance/stocks/global-stocks-markets-dow-news-03-27-2024-14804f61
102,2024/03/28,1,S&P 500 Rises to New Record to Close Out Monster First Quarter,U.S. Markets,https://www.wsj.com/finance/stocks/s-p-500-rises-to-new-record-to-close-out-monster-first-quarter-684d0150
103,2024/03/29,1,Fed’s Favored Inflation Gauge Rose to 2.5% in February,U.S. Economy,https://www.wsj.com/economy/central-banking/fed-inflation-gauge-february-pce-f664d187
104,2024/04/01,1,S&P 500 Drops to Start New Quarter,U.S. Markets,https://www.wsj.com/finance/stocks/global-stocks-markets-dow-news-04-01-2024-c6fecc1d
105,2024/04/02,1,Renewed Inflation Fears Drive Stocks Lower,U.S. Markets,https://www.wsj.com/finance/stocks/global-stocks-markets-dow-news-04-02-2024-41d94c34
106,2024/04/03,1,S&P 500 Snaps Two-Day Losing Streak,U.S. Markets,https://www.wsj.com/finance/stocks/global-stocks-markets-dow-news-04-03-2024-5cb4e84a
107,2024/04/03,1,Powell Still Sees Room for Fed to Cut Rates This Year,U.S. Economy,https://www.wsj.com/economy/central-banking/powell-still-sees-room-for-the-fed-to-cut-rates-this-year-6621eb27
108,2024/04/03,2,The Jobs Numbers Aren’t Adding Up. Immigration Helps Explain Why.,U.S. Economy,https://www.wsj.com/economy/jobs/unemployment-jobs-report-us-immigration-surge-8e260f47
109,2024/04/04,1,Stocks Drop After Fed Officials Cast Doubt on Rate Cuts,U.S. Markets,https://www.wsj.com/finance/stocks/global-stocks-markets-dow-news-04-04-2024-39442ba4
110,2024/04/04,2,How Far $100 Goes at the Grocery Store After Five Years of Food Inflation,U.S. Economy,https://www.wsj.com/business/retail/inflation-food-price-of-groceries-2024-5010700b
111,2024/04/05,1,Strong Jobs Report Triggers Stock Rally,U.S. Markets,https://www.wsj.com/finance/stocks/global-stocks-markets-dow-news-04-05-2024-9f83c0f5
112,2024/04/05,1,Brisk Hiring Bolsters Fed’s Cautious Stance on Rate Cuts,U.S. Economy,https://www.wsj.com/economy/jobs/jobs-report-march-unemployment-02c4050d
113,2024/04/06,1,The Calls for Help Coming From Above the Poverty Line,U.S. Economy,https://www.wsj.com/lifestyle/poverty-america-low-income-emergency-services-d309a7a6
114,2024/04/07,1,Earnings Season to Test Stock-Market Rally,U.S. Economy,https://www.wsj.com/finance/stocks/earnings-season-stock-market-rally-test-2591b806
115,2024/04/08,1,Treasury Yields Hit 2024 Highs,U.S. Markets,https://www.wsj.com/finance/stocks/global-stocks-markets-dow-news-04-08-2024-0dea12b1
116,2024/04/09,1,S&P 500 Rises Ahead of Inflation Data,U.S. Markets,https://www.wsj.com/finance/stocks/global-stocks-markets-dow-news-04-09-2024-cfd3a12b
117,2024/04/10,1,Inflation Surprise Rattles Markets,U.S. Markets,https://www.wsj.com/finance/stocks/global-stocks-markets-dow-news-04-10-2024-a672a5bc
118,2024/04/10,1,Hot Inflation Report Derails Case for June Rate Cut,U.S. Economy,https://www.wsj.com/economy/inflation-march-cpi-report-interest-rate-239b7e5e
119,2024/04/10,1,Fed Prepares Slower Pace of Runoff for $7.4 Trillion Portfolio ‘Fairly Soon’,U.S. Economy,https://www.wsj.com/economy/central-banking/federal-reserve-minutes-interest-rate-cuts-4f17489f
120,2024/04/11,1,Tech Stock Rebound Sends Nasdaq Composite to New Record,U.S. Markets,https://www.wsj.com/finance/stocks/global-stocks-markets-dow-news-04-11-2024-3ae3c49b
121,2024/04/11,1,"Fed Rate Cuts Are Now a Matter of If, Not Just When",U.S. Economy,https://www.wsj.com/economy/central-banking/fed-rate-cuts-are-now-a-matter-of-if-not-just-when-144a978e
122,2024/04/11,2,Mortgage Rates Near 7% Again,U.S. Economy,https://www.wsj.com/economy/housing/mortgage-rates-near-7-again-cd1dfae0
123,2024/04/12,1,"Dow Falls, Logs Worst Week Since March 2023",U.S. Markets,https://www.wsj.com/finance/stocks/global-stocks-markets-dow-news-04-12-2024-d15b6299
124,2024/04/15,1,"Stocks Extend Slump, Treasury Yields Climb",U.S. Markets,https://www.wsj.com/finance/stocks/global-stocks-markets-dow-news-04-15-2024-bdfe7de9
125,2024/04/16,1,"Stocks Stabilize, Treasury Yields Reach New Five-Month Highs",U.S. Markets,https://www.wsj.com/finance/stocks/global-stocks-markets-dow-news-04-16-2024-d30043dc
126,2024/04/16,1,Fed Chair Jerome Powell Dials Back Expectations on Interest-Rate Cuts,U.S. Economy,https://www.wsj.com/economy/central-banking/powell-dials-back-expectations-on-rate-cuts-00e3e5d0
127,2024/04/17,1,S&P 500 Falls for Fourth Straight Session on Fading Hopes for Interest-Rate Cuts,U.S. Markets,https://www.wsj.com/finance/stocks/global-stocks-markets-dow-news-04-17-2024-ac3402c2
128,2024/04/18,1,Housing Market Slumps as Mortgage Rates Top 7%,U.S. Economy,https://www.wsj.com/economy/housing/home-sales-mortgage-rates-march-report-4a501537
129,2024/04/18,1,"Treasury Yields Rise, S&P 500 Extends April Slide",U.S. Markets,https://www.wsj.com/finance/stocks/global-stocks-markets-dow-news-04-18-2024-de2f3160
130,2024/04/19,1,Nasdaq Logs Worst Weekly Performance Since 2022,U.S. Markets,https://www.wsj.com/finance/stocks/global-stocks-markets-dow-news-04-19-2024-2e20e078
131,2024/04/22,1,Stocks Regain Footing After Brutal Week,U.S. Markets,https://www.wsj.com/finance/stocks/global-stocks-markets-dow-news-04-22-2024-fab0622d
132,2024/04/23,1,Big Tech Leads Market Rally Ahead of Earnings,U.S. Markets,https://www.wsj.com/finance/stocks/global-stocks-markets-dow-news-04-23-2024-de1f1fd0
133,2024/04/24,1,Tesla’s Big Rally Drives the Nasdaq Higher,U.S. Markets,https://www.wsj.com/finance/stocks/global-stocks-markets-dow-news-04-24-2024-f7accdb0
134,2024/04/25,1,"Mix of Slowing Growth, Firm Inflation Worries Investors",U.S. Economy,https://www.wsj.com/economy/central-banking/us-gdp-economy-first-quarter-2024-1675df05
135,2024/04/25,1,"Stocks, Bonds Tumble After Economic Data Release",U.S. Markets,https://www.wsj.com/finance/stocks/global-stocks-markets-dow-news-04-25-2024-3ad8e212
136,2024/04/26,1,Magnificent Seven Power Stocks’ Rebound,U.S. Markets,https://www.wsj.com/finance/stocks/global-stocks-markets-dow-news-04-26-2024-bfb2ed18
137,2024/04/26,1,A Brief History of Fed’s Uneasy Peace With the White House,U.S. Economy,https://www.wsj.com/economy/central-banking/a-brief-history-of-the-feds-uneasy-peace-with-the-white-house-608dee30
138,2024/04/30,1,"Stocks Slip, Extending April Pullback",U.S. Markets,https://www.wsj.com/finance/stocks/global-stocks-markets-dow-news-04-30-2024-0f6022cd
139,2024/04/30,2,Fed to Signal It Has Stomach to Keep Rates High for Longer,U.S. Economy,https://www.wsj.com/economy/central-banking/federal-reserve-meeting-interest-rates-inflation-6dcb05e8
140,2024/05/01,1,"Fed Chair Jerome Powell Projects Optimism, But Inflation Data Are in the Driver’s Seat",U.S. Economy,https://www.wsj.com/economy/central-banking/fed-chair-jerome-powell-projects-optimism-but-inflation-data-are-in-the-drivers-seat-2e729027
141,2024/05/01,1,"Fed Says Inflation Progress Has Stalled, Extends Wait-and-See Rate Stance",U.S. Economy,https://www.wsj.com/economy/central-banking/fed-says-inflation-progress-has-stalled-and-extends-wait-and-see-rate-stance-51b74bbf
142,2024/05/01,1,S&P 500 Slips After Fed Keeps Rates Steady,U.S. Markets,https://www.wsj.com/finance/stocks/global-stocks-markets-dow-news-05-01-2024-07054df6
143,2024/05/02,1,Tech Stocks Lead Rally Ahead of Jobs Report,U.S. Markets,https://www.wsj.com/finance/stocks/global-stocks-markets-dow-news-05-02-2024-418055b9
144,2024/05/03,1,Slower Hiring Boosts Hopes of a Late-Summer Rate Cut,U.S. Economy,https://www.wsj.com/economy/jobs/jobs-report-april-unemployment-a8a1ac1a
145,2024/05/03,1,"Jobs Data, Tech Stocks Power Indexes to Weekly Gains",U.S. Markets,https://www.wsj.com/finance/stocks/global-stocks-markets-dow-news-05-03-2024-61098a35
146,2024/05/06,1,Stocks Extend Rally Ahead of Busy Earnings Slate,U.S. Markets,https://www.wsj.com/finance/stocks/global-stocks-markets-dow-news-05-06-2024-6c3fc3c0
147,2024/05/07,1,"S&P 500 Edges Higher, Extending Winning Streak",U.S. Markets,https://www.wsj.com/finance/stocks/global-stocks-markets-dow-news-05-07-2024ly-b2f234ea
148,2024/05/07,2,Social Security Funds Are Running Dry. Don’t Panic.,U.S. Economy,https://www.wsj.com/politics/policy/social-security-insolvency-funding-charts-f41a1194
149,2024/05/08,1,Dow Extends Latest Run of Gains,U.S. Markets,https://www.wsj.com/finance/stocks/global-stocks-markets-dow-news-05-08-2024-625ac8c6
150,2024/05/09,1,Dow Notches Longest Winning Streak of 2024,U.S. Markets,https://www.wsj.com/finance/stocks/global-stocks-markets-dow-news-05-09-2024-e265a914
151,2024/05/10,1,Stocks Log Weekly Gains in Hot Start to May,U.S. Markets,https://www.wsj.com/finance/stocks/global-stocks-markets-dow-news-05-10-2024-44b54374
152,2024/05/13,1,Dow’s Winning Streak Ends Ahead of Inflation Data,U.S. Markets,https://www.wsj.com/finance/stocks/global-stocks-markets-dow-news-05-13-2024-e4eaf3b2
153,2024/05/14,1,Nasdaq Hits Record High Ahead of CPI Data,U.S. Markets,https://www.wsj.com/finance/stocks/global-stocks-markets-dow-news-05-14-2024-9a59ef81
154,2024/05/14,2,Fed Chair Jerome Powell Maintains Wait-and-See Posture on Inflation and Rates,U.S. Economy,https://www.wsj.com/economy/central-banking/fed-chair-jerome-powell-maintains-wait-and-see-posture-on-inflation-and-rates-1cd35820
155,2024/05/15,1,Inflation Eases as Core Prices Post Smallest Increase Since 2021,U.S. Economy,https://www.wsj.com/economy/inflation-april-cpi-report-interest-rate-55eda190
156,2024/05/15,1,Stock Indexes Book Records After Inflation Eases,U.S. Markets,https://www.wsj.com/finance/stocks/global-stocks-markets-dow-news-05-15-2024-e617f995
157,2024/05/16,1,Dow Jones Industrial Average Tops 40000 for the First Time,U.S. Markets,https://www.wsj.com/finance/stocks/dow-jones-industrial-average-tops-40000-for-the-first-time-52f316a1
158,2024/05/17,1,"Goldman Sachs, Microsoft Power Dow Industrials to 40000",U.S. Markets,https://www.wsj.com/finance/stocks/goldman-sachs-microsoft-power-dow-industrials-to-40000-bb770bb9
159,2024/05/17,2,Trump vs. Biden: How the Dow’s Performance Compares,U.S. Economy,https://www.wsj.com/economy/stock-market-performance-biden-trump-charts-1a83371b
160,2024/05/20,1,Nasdaq Reaches Record to Start Week,U.S. Markets,https://www.wsj.com/finance/stocks/global-stocks-markets-dow-news-05-20-2024-ab70f4bd
161,2024/05/21,1,"S&P 500, Nasdaq Hit New Records",U.S. Markets,https://www.wsj.com/finance/stocks/global-stocks-markets-dow-news-05-21-2024-109a6aac
162,2024/05/21,1,Parents Are Feeling the Pain of Inflation and Child-Care Costs,U.S. Economy,https://www.wsj.com/economy/consumers/americans-hit-by-inflation-are-feeling-worse-financially-especially-parents-ab383606
163,2024/05/22,1,Stocks Retreat After Fed Minutes Show Uncertainty Over Inflation,U.S. Markets,https://www.wsj.com/finance/stocks/global-stocks-markets-dow-news-05-22-2024-4a67fb59
164,2024/05/22,1,Fed Officials Saw Longer Wait for Rate Cuts After Inflation Setbacks,U.S. Economy,https://www.wsj.com/economy/central-banking/fed-officials-saw-longer-wait-for-rate-cuts-after-inflation-setbacks-9c444903
165,2024/05/22,2,How Has Inflation Hit Your Finances? 10 People Get Candid,U.S. Economy,https://www.wsj.com/economy/consumers/inflation-cost-of-living-san-francisco-personal-stories-c25fd163
166,2024/05/22,2,Home Sales Fell Again in April After High Mortgage Rates Damped Activity,U.S. Economy,https://www.wsj.com/economy/housing/home-sales-fall-again-in-april-after-high-mortgage-rates-dampen-activity-81a3098a
167,2024/05/23,1,Stocks Drop Despite Nvidia’s Big Rally,U.S. Markets,https://www.wsj.com/finance/stocks/global-stocks-markets-dow-news-05-23-2024-8b89891c
168,2024/05/24,1,"S&P 500, Nasdaq Rise to Finish Week",U.S. Markets,https://www.wsj.com/finance/stocks/global-stocks-markets-dow-news-05-24-2024-b48714de
169,2024/05/28,1,Nvidia Shares Help Lift Nasdaq,U.S. Markets,https://www.wsj.com/finance/stocks/global-stocks-markets-dow-news-05-28-2024-0781fdea
170,2024/05/29,1,Rising Bond Yields Weigh on Stocks,U.S. Markets,https://www.wsj.com/finance/stocks/global-stocks-markets-dow-news-05-29-2024-f5ea8a60
171,2024/05/30,1,Tech Stocks Lead Major Indexes Lower,U.S. Markets,https://www.wsj.com/finance/stocks/global-stocks-markets-dow-news-05-30-2024-6144c039
172,2024/05/31,1,"Dow Rises, Stocks Log Monthly Gains",U.S. Markets,https://www.wsj.com/finance/stocks/global-stocks-markets-dow-news-05-31-2024-62b25a39
173,2024/06/02,1,"In Miami, Jobs Are Plentiful—and You Might Need Two to Afford It",U.S. Economy,https://www.wsj.com/real-estate/miami-job-market-cost-of-living-housing-677181b6
174,2024/06/03,1,S&P 500 Edges Higher; Energy Stocks Falter,U.S. Markets,https://www.wsj.com/finance/stocks/global-stocks-markets-dow-news-06-03-2024-5d5c9897
175,2024/06/04,1,S&P 500 Notches Another Gain,U.S. Markets,https://www.wsj.com/finance/stocks/global-stocks-markets-dow-news-06-04-2024-eb4ffd75
176,2024/06/05,1,"Nasdaq Hits Another Record, Lifted by Tech Stocks",U.S. Markets,https://www.wsj.com/finance/stocks/global-stocks-markets-dow-news-06-05-2024-00c2cb4b
177,2024/06/05,1,Americans Have More Investment Income Than Ever Before,U.S. Economy,https://www.wsj.com/economy/americans-have-more-investment-income-than-ever-before-84b7a6c6
178,2024/06/06,1,Tech Pullback Weighs on S&P 500 Ahead of Jobs Data,U.S. Markets,https://www.wsj.com/finance/stocks/global-stocks-markets-dow-news-06-06-2024-2d83de56
179,2024/06/07,1,"Hiring and Wages are Up, Reinforcing the Economy’s Resilience",U.S. Economy,https://www.wsj.com/economy/jobs-report-may-unemployment-economy-2aee1a4f
180,2024/06/07,1,S&P 500 Slips After Surprisingly Strong Jobs Data,U.S. Markets,https://www.wsj.com/finance/stocks/global-stocks-markets-dow-news-06-07-2024-b554d590
181,2024/06/09,1,"Americans Really, Really Hate Inflation—and That’s a Big Problem for the Fed",U.S. Economy,https://www.wsj.com/economy/central-banking/americans-inflation-target-fed-c1fc7857
182,2024/06/10,1,S&P 500 and Nasdaq Hit Records Ahead of Fed Meeting,U.S. Markets,https://www.wsj.com/finance/stocks/global-stocks-markets-dow-news-06-10-2024-84566ab5
183,2024/06/11,1,"S&P 500 Extends Record Ahead of Inflation Data, Fed Meeting",U.S. Markets,https://www.wsj.com/finance/stocks/global-stocks-markets-dow-news-06-11-2024-52ca4409
184,2024/06/12,1,"Stung by Past Mistakes, a Wary Fed Takes Its Time",U.S. Economy,https://www.wsj.com/economy/central-banking/stung-by-past-mistakes-a-wary-fed-takes-its-time-e361a364
185,2024/06/12,1,Fed Projects Just One Cut This Year Despite Mild Inflation Report,U.S. Economy,https://www.wsj.com/economy/central-banking/cpi-report-fed-meeting-interest-rate-ef93c8b0
186,2024/06/12,1,S&P 500 Hits Fresh High After Cooler Inflation Data,U.S. Markets,https://www.wsj.com/finance/stocks/global-stocks-markets-dow-news-06-12-2024-d39bfaa3
187,2024/06/13,1,"Tech Lifts S&P 500, Nasdaq to Fresh Highs",U.S. Markets,https://www.wsj.com/finance/stocks/global-stocks-markets-dow-news-06-13-2024-db0de35d
188,2024/06/14,1,"Cooling Inflation Powers S&P 500, Nasdaq to Weekly Gains",U.S. Markets,https://www.wsj.com/finance/stocks/global-stocks-markets-dow-news-06-14-2024-095b9cfb
189,2024/06/17,1,"Nasdaq, S&P 500 Log Records",U.S. Markets,https://www.wsj.com/finance/stocks/global-stocks-markets-dow-news-06-17-2024-eccc1a0c
190,2024/06/18,1,Nvidia Powers S&P 500 to New Record,U.S. Markets,https://www.wsj.com/finance/stocks/global-stocks-markets-dow-news-06-18-2024-69019133
191,2024/06/19,1,Global Stocks Mixed After Nvidia Powers Fresh U.S. Records,U.S. Markets,https://www.wsj.com/finance/stocks/global-stocks-markets-dow-news-06-19-2024-a47a2bbe
192,2024/06/20,1,"Nasdaq, S&P 500 Pull Back From Records",U.S. Markets,https://www.wsj.com/finance/stocks/nasdaq-s-p-500-pull-back-from-records-07cfbdfe
193,2024/06/21,1,S&P 500 Clinches Third Straight Weekly Gain,U.S. Markets,https://www.wsj.com/finance/stocks/s-p-500-clinches-third-straight-weekly-gain-7ed0edaa
194,2024/06/21,2,Home Prices Hit a Record High,U.S. Economy,https://www.wsj.com/economy/housing/home-prices-hit-a-record-high-4028acf2
195,2024/06/24,1,"Nvidia Pulls S&P 500, Nasdaq Lower",U.S. Markets,https://www.wsj.com/finance/stocks/global-stocks-markets-dow-news-06-24-2024-0c66c410
196,2024/06/25,1,Nvidia Rebound Drives Nasdaq Higher,U.S. Markets,https://www.wsj.com/finance/stocks/nvidia-rebound-drives-nasdaq-higher-41450cd6
197,2024/06/26,1,"Amazon Shares Jump, Pushing Nasdaq Higher",U.S. Markets,https://www.wsj.com/finance/stocks/global-stocks-markets-dow-news-06-26-2024-c99a9ec1
198,2024/06/27,1,"S&P 500, Nasdaq Extend Run of Gains",U.S. Markets,https://www.wsj.com/finance/stocks/global-stocks-markets-dow-news-06-27-2024-17a41f2e
199,2024/06/28,1,Stocks Limp to End of a Big First Half,U.S. Markets,https://www.wsj.com/finance/stocks/global-stocks-markets-dow-news-06-28-2024-37f9a5ae
200,2024/07/01,1,Nasdaq Hits Record to Kick Off the Second Half,U.S. Markets,https://www.wsj.com/finance/stocks/global-stocks-markets-dow-news-07-01-2024-3b0aede0
201,2024/07/02,1,Tesla Helps Nasdaq Log 22nd Record of the Year,U.S. Markets,https://www.wsj.com/finance/stocks/global-stocks-markets-dow-news-07-02-2024-cee4ffbc
202,2024/07/03,1,"S&P 500, Nasdaq Hit Fresh Records in Holiday-Shortened Session",U.S. Markets,https://www.wsj.com/finance/stocks/s-p-500-nasdaq-hit-fresh-records-in-holiday-shortened-session-02e17c39
203,2024/07/03,1,Fed Officials Signaled No Hurry to Cut Rates,U.S. Economy,https://www.wsj.com/economy/central-banking/federal-reserve-minutes-june-2024-inflation-interest-rates-a3ae8bd2
204,2024/07/04,1,European and Asian Stocks Gain; Bitcoin Falls,U.S. Markets,https://www.wsj.com/finance/stocks/global-stocks-markets-dow-news-07-04-2024-14111704
205,2024/07/05,1,Case for September Rate Cut Builds After Slower Jobs Data,U.S. Economy,https://www.wsj.com/economy/jobs/jobs-report-june-unemployment-economy-68275d9e
206,2024/07/05,1,"Nasdaq, S&P 500 Extend Record Run After Jobs Report",U.S. Markets,https://www.wsj.com/finance/stocks/global-stocks-markets-dow-news-07-05-2024-3671808a
207,2024/07/08,1,"S&P 500, Nasdaq Climb to Records Ahead of Powell Testimony",U.S. Markets,https://www.wsj.com/finance/stocks/global-stocks-markets-dow-news-07-08-2024-dc9b88bd
208,2024/07/09,1,Financial Stocks Lift S&P 500 to Fresh Record,U.S. Markets,https://www.wsj.com/finance/stocks/global-stocks-markets-dow-news-07-09-2024-ebbc1caa
209,2024/07/09,1,Powell Inches the Fed Closer to Cutting Rates,U.S. Economy,https://www.wsj.com/economy/central-banking/jerome-powell-senate-testimony-july-b7805d54
210,2024/07/10,1,S&P 500 Clinches Longest Streak of Records Since 2021,U.S. Markets,https://www.wsj.com/finance/stocks/global-stocks-markets-dow-news-07-10-2024-4e06cb7d
211,2024/07/11,1,Milder Inflation Opens Door Wider to September Rate Cut,U.S. Economy,https://www.wsj.com/economy/central-banking/inflation-june-cpi-report-interest-rate-437fa772
212,2024/07/11,1,"Investors Pile Into Small Caps, Other Laggards After Cooler Inflation Report",U.S. Markets,https://www.wsj.com/finance/stocks/global-stocks-markets-dow-news-07-11-2024-6f701552
213,2024/07/12,1,Dow Rises Above 40000 With Investors Putting Rate Cut in Sight,U.S. Markets,https://www.wsj.com/finance/stocks/global-stocks-markets-dow-news-07-12-2024-60fed414
214,2024/07/13,1,More Women Are Working Than Ever. But They’re Doing Two Jobs.,U.S. Economy,https://www.wsj.com/economy/jobs/more-women-are-working-than-ever-but-theyre-doing-two-jobs-bf93b9bf
215,2024/07/15,1,"Stocks, Bond Yields Advance With Return of ‘Trump Trade’",U.S. Markets,https://www.wsj.com/finance/stocks/global-stocks-markets-dow-news-07-15-2024-fb1fee36
216,2024/07/16,1,"Dow Clinches Best Day in More Than a Year, S&P 500 Hits New Record",U.S. Markets,https://www.wsj.com/finance/stocks/global-stocks-markets-dow-news-07-16-2024-6ebe901d
217,2024/07/17,1,Tech Shares Log Worst Day of 2024,U.S. Markets,https://www.wsj.com/finance/stocks/global-stocks-markets-dow-news-07-17-2024-b907e076
218,2024/07/18,1,Stocks Retreat in Broad Decline,U.S. Markets,https://www.wsj.com/finance/stocks/global-stocks-markets-dow-news-07-18-2024-e25c7771
219,2024/07/18,2,Where Do Economists Think We’re Headed? These Are Their Predictions,U.S. Economy,https://www.wsj.com/economy/central-banking/where-do-economists-think-were-headed-these-are-their-predictions-b3db91ea
220,2024/07/19,1,Stocks Drop During Tech Outage at End of Volatile Week,U.S. Markets,https://www.wsj.com/finance/stocks/global-stocks-markets-dow-news-07-19-2024-a4483d28
221,2024/07/22,1,"Nvidia, Chip Stocks Power Market Rebound",U.S. Markets,https://www.wsj.com/finance/stocks/global-stocks-markets-dow-news-07-22-2024-b4b362b9
222,2024/07/23,1,Stocks Flutter While Earnings Season Cranks Up,U.S. Markets,https://www.wsj.com/finance/stocks/global-stocks-markets-dow-news-07-23-2024-a2232c32
223,2024/07/23,2,Home Prices Hit Record in June for Second Month,U.S. Economy,https://www.wsj.com/economy/housing/u-s-home-prices-hit-record-in-june-for-second-consecutive-month-cbe00c76
224,2024/07/24,1,Big Tech Selloff Slams Nasdaq With Worst Day Since 2022,U.S. Markets,https://www.wsj.com/finance/stocks/global-stocks-markets-dow-news-07-24-2024-70fcefa0
225,2024/07/24,2,The Hottest Job Market in a Generation Is Over,U.S. Economy,https://www.wsj.com/economy/jobs/the-hottest-job-market-in-a-generation-is-over-92f61452
226,2024/07/25,1,Dow Industrials Rise After Surprisingly Strong GDP Data,U.S. Markets,https://www.wsj.com/finance/stocks/global-stocks-markets-dow-news-07-25-2024-6c73b48a
227,2024/07/25,1,U.S. Economy Grew at Brisk 2.8% Rate in Second Quarter,U.S. Economy,https://www.wsj.com/economy/us-gdp-economy-second-quarter-2024-485df1dc
228,2024/07/25,2,What Gives Poor Kids a Shot at Better Lives? Economists Find an Unexpected Answer,U.S. Economy,https://www.wsj.com/economy/economic-mobility-research-community-employment-3eeef1c3
229,2024/07/26,1,Dow Industrials Jump to Cap Volatile Week,U.S. Markets,https://www.wsj.com/finance/stocks/global-stocks-markets-dow-news-07-26-2024-622988de
230,2024/07/26,2,U.S. Inflation Data Keeps Door Open for September Interest Rate Cut,U.S. Economy,https://www.wsj.com/economy/central-banking/u-s-inflation-data-keeps-door-open-for-september-interest-rate-cut-0f862413
231,2024/07/29,1,Investors on Alert for Fed Signals of September Rate Cut,U.S. Economy,https://www.wsj.com/economy/central-banking/fed-meeting-july-preview-interest-rate-cuts-fa3a8ca9
232,2024/07/29,1,S&P 500 Edges Up With Tech Earnings Looming,U.S. Markets,https://www.wsj.com/finance/stocks/global-stocks-markets-dow-news-07-29-2024-cd27946b
233,2024/07/30,1,"Big Tech Stocks Keep Falling Ahead of Earnings Deluge, Fed Meeting",U.S. Markets,https://www.wsj.com/finance/stocks/global-stocks-markets-dow-news-07-30-2024-39a9190b
234,2024/07/31,1,September Rate Cut Would Thrust Fed Into Brutal Election Campaign,U.S. Economy,https://www.wsj.com/economy/central-banking/fed-interest-rate-cut-inflation-politics-a6e527de
235,2024/07/31,1,Fed Clears Path for September Interest Rate Cut,U.S. Economy,https://www.wsj.com/economy/central-banking/federal-reservice-interest-rate-decision-b5c39738
236,2024/07/31,1,"Stocks, Bonds Climb After Fed Meeting",U.S. Markets,https://www.wsj.com/finance/stocks/global-stocks-markets-dow-news-07-31-2024-cf556a6e
237,2024/08/01,1,Weak Economic Data Prompts Stock Selloff,U.S. Markets,https://www.wsj.com/finance/stocks/global-stocks-markets-dow-news-08-01-2024-a5d2b96d
238,2024/08/02,1,Growth Fears Rattle Markets; Nasdaq Suffers Correction,U.S. Markets,https://www.wsj.com/finance/stocks/global-stocks-markets-dow-news-08-02-2024-9c1e3b7d
239,2024/08/02,1,"Hiring Slowdown Hits Stocks, Fuels Bets on Bigger Rate Cut",U.S. Economy,https://www.wsj.com/economy/jobs/jobs-report-july-unemployment-economy-8b7e6db7
240,2024/08/03,1,Lousy Jobs Report Forces Fed to Reckon With Hard Landing,U.S. Economy,https://www.wsj.com/economy/central-banking/lousy-jobs-report-forces-fed-to-reckon-with-hard-landing-74357163
241,2024/08/05,1,Unraveling Trades Fuel Global Market Rout,U.S. Markets,https://www.wsj.com/finance/stocks/global-stocks-markets-dow-news-08-05-2024-35da4a74
242,2024/08/06,1,Stocks Claw Back Losses After Global Selloff,U.S. Markets,https://www.wsj.com/finance/stocks/global-stocks-markets-dow-news-08-06-2024-d73d9786
243,2024/08/07,1,Stocks Drop With Traders on Edge After Global Selloff,U.S. Markets,https://www.wsj.com/finance/stocks/global-stocks-markets-dow-news-08-07-2024-853a3d6e
244,2024/08/08,1,S&P 500 Jumps 2.3% in Best Day Since 2022,U.S. Markets,https://www.wsj.com/finance/stocks/global-stocks-markets-dow-news-08-08-2024-555ce05b
245,2024/08/09,1,Wall Street Ends Wild Week in a Surprising Place,U.S. Markets,https://www.wsj.com/finance/stocks/global-stocks-markets-dow-news-08-09-2024-97f0294f
246,2024/08/09,2,Has the U.S. Economy Reached a Tipping Point?,U.S. Economy,https://www.wsj.com/economy/consumers/has-the-u-s-economy-reached-a-tipping-point-d2eb9d33
247,2024/08/12,1,S&P 500 Holds Steady Ahead of Fresh Economic Data,U.S. Markets,https://www.wsj.com/finance/stocks/global-stocks-markets-dow-news-08-12-2024-e5b21dbc
248,2024/08/12,2,"Child Care, Rent, Insurance: Where Inflation Hits Hardest Now",U.S. Economy,https://www.wsj.com/economy/consumers/inflation-costs-housing-utilities-purchases-8b6f18d8
249,2024/08/13,1,Stocks Rally After Mild Inflation Data,U.S. Markets,https://www.wsj.com/finance/stocks/global-stocks-markets-dow-news-08-13-2024-40d712d0
250,2024/08/14,1,Cooling Inflation Sets Stage for September Rate Cut,U.S. Economy,https://www.wsj.com/economy/central-banking/inflation-july-cpi-report-interest-rate-00cd3a84
251,2024/08/14,1,S&P 500 Climbs With Traders Weighing Size of Rate Cut,U.S. Markets,https://www.wsj.com/finance/stocks/global-stocks-markets-dow-news-08-14-2024-62ae32da
252,2024/08/15,1,Stock Indexes Rally After Data Calm Economic-Slowdown Fears,U.S. Markets,https://www.wsj.com/finance/stocks/global-stocks-markets-dow-news-08-15-2024-0c1b6066
253,2024/08/15,2,Why Falling Mortgage Rates Aren’t a Quick Fix for Frustrated Homebuyers,U.S. Economy,https://www.wsj.com/economy/housing/why-falling-mortgage-rates-arent-a-quick-fix-for-frustrated-homebuyers-bf545b43
254,2024/08/16,1,Stocks Rebound to Notch Best Week of 2024,U.S. Markets,https://www.wsj.com/finance/stocks/global-stocks-markets-dow-news-08-16-2024-7cc53975
255,2024/08/21,1,"Job Market Was Weaker Than Previously Reported, Data Show",U.S. Economy,https://www.wsj.com/economy/jobs/jobs-market-was-weaker-than-previously-reported-data-show-f6e72d88
256,2024/08/21,1,Minutes Show Fed Officials Gearing Up for September Rate Cut,U.S. Economy,https://www.wsj.com/economy/central-banking/several-fed-officials-saw-case-for-cutting-rates-in-july-minutes-show-0e4162b9
257,2024/08/22,2,"Home Sales Up Slightly in July, Prices Still Near Record Highs",U.S. Economy,https://www.wsj.com/economy/housing/real-estate-july-home-sales-prices-data-b9ba8b04
258,2024/08/23,1,Fed’s Powell Declares ‘Time Has Come’ for Rate Cuts,U.S. Economy,https://www.wsj.com/economy/central-banking/powell-issues-strongest-signal-yet-that-rate-cuts-are-on-the-way-62952bd6
259,2024/08/23,2,Price-Gouging Crusade Electrifies Democratic Rank and File,U.S. Economy,https://www.wsj.com/economy/consumers/price-gouging-crusade-electrifies-democratic-rank-and-file-01255bfd
260,2024/08/24,1,Behind Harris’s New Mantra: ‘The Opportunity Economy’,U.S. Economy,https://www.wsj.com/politics/elections/behind-harriss-new-mantra-the-opportunity-economy-ac179e74
261,2024/08/30,1,What Selloff? Stocks End August Higher After Head-Spinning Swings,U.S. Markets,https://www.wsj.com/finance/stocks/global-stocks-markets-dow-news-08-30-2024-67081049
262,2024/08/30,2,"For Two-Job Workers, There Aren’t Enough Hours in a Day to Stay Afloat",U.S. Economy,https://www.wsj.com/economy/jobs/workers-multiple-jobs-lifestyle-economy-344c8f10
263,2024/08/31,1,Americans’ Economic Mood Brightens—a Bit,U.S. Economy,https://www.wsj.com/economy/consumers/americans-economic-mood-brightensa-bit-38aff686
264,2024/09/03,1,Fears of Economic Slowdown Spark Stock-Market Selloff,U.S. Markets,https://www.wsj.com/finance/stocks/global-stocks-markets-dow-news-09-03-2024-62cad414
265,2024/09/04,2,How Immigration Remade the U.S. Labor Force,U.S. Economy,https://www.wsj.com/economy/how-immigration-remade-the-u-s-labor-force-716c18ee
266,2024/09/05,1,Why the August Jobs Report Matters More Than Most,U.S. Economy,https://www.wsj.com/economy/central-banking/august-jobs-report-fed-interest-rate-63fd80f0
267,2024/09/06,1,"Hiring Softened This Summer, Teeing Up Fed Rate Cuts",U.S. Economy,https://www.wsj.com/economy/jobs/jobs-report-august-unemployment-economy-b869cf39
268,2024/09/06,1,Stocks Extend Ugly Week of Losses Amid Economic Uncertainty,U.S. Markets,https://www.wsj.com/finance/stocks/global-stocks-markets-dow-news-09-06-2024-55768c38
269,2024/09/06,3,Trump Proposal to Cut Tax Rate for U.S. Manufacturers Spurs Flurry of Questions,U.S. Economy,https://www.wsj.com/economy/trump-proposal-to-cut-tax-rate-for-u-s-manufacturers-spurs-flurry-of-questions-24ac5cee
270,2024/09/11,1,Inflation Extends Cooling Streak to Hit 2.5% in August,U.S. Economy,https://www.wsj.com/economy/inflation-august-cpi-report-interest-rate-d8c8c65a
271,2024/09/12,2,The Fed’s Rate-Cut Dilemma: Start Big or Small?,U.S. Economy,https://www.wsj.com/economy/central-banking/fed-interest-rate-cut-size-861c9600
272,2024/09/16,2,Fed Enters Tricky Terrain: Rate Cuts in a Decent Economy,U.S. Economy,https://www.wsj.com/economy/fed-interest-rate-cut-affect-economy-6f7f3335
273,2024/09/17,1,"Fed Prepares to Lower Rates, With Size of First Cut in Doubt",U.S. Economy,https://www.wsj.com/economy/central-banking/fed-interest-rate-cut-size-79a238ca
274,2024/09/18,1,Fed Cuts Rates by Half Percentage Point,U.S. Economy,https://www.wsj.com/economy/central-banking/fed-cuts-rates-by-half-percentage-point-03566d82
275,2024/09/18,1,Big Rate Cut Forces Fed to Contend With New Obstacles,U.S. Economy,https://www.wsj.com/economy/central-banking/big-rate-cut-forces-fed-to-contend-with-new-obstacles-0bc63c6a
276,2024/09/18,1,Stocks Slip After Fed Cuts Rates,U.S. Markets,https://www.wsj.com/finance/stocks/stocks-slip-after-fed-cuts-rates-fd174e26
277,2024/09/19,1,Americans Are Desperate for Relief. The Rate Cut Is a Glimmer of Hope.,U.S. Economy,https://www.wsj.com/economy/housing/fed-interest-rate-cut-relief-d9c891f6
278,2024/09/19,1,"Dow, S&P 500 Hit Records After Rate Cut",U.S. Markets,https://www.wsj.com/finance/stocks/dow-s-p-500-hit-records-after-rate-cut-e161c1ac
279,2024/09/19,2,Home Sales Slipped in August Despite Falling Mortgage Rates,U.S. Economy,https://www.wsj.com/economy/housing/u-s-home-sales-slipped-in-august-despite-falling-mortgage-rates-f44d3bdf
280,2024/09/20,1,The Lone Dissenter Inside the Fed Who Voted Against Powell’s Rate Cut,U.S. Economy,https://www.wsj.com/economy/central-banking/the-big-fed-rate-cut-ended-a-streak-of-unanimous-policy-decisions-fb59a0b6
281,2024/09/21,1,Voters Love the Policies That Economists Love to Hate,U.S. Economy,https://www.wsj.com/economy/trump-harris-policies-economists-vs-voters-176c1407
282,2024/09/27,2,Lower Interest Rates Don’t Guarantee a Soft Landing,U.S. Economy,https://www.wsj.com/economy/central-banking/lower-interest-rates-economy-soft-landing-fb3039d2
283,2024/09/28,1,America’s Young Men Are Falling Even Further Behind,U.S. Economy,https://www.wsj.com/lifestyle/careers/young-american-men-lost-c1d799f7
284,2024/10/01,1,"Stocks Fall, Oil Prices Rise After Iran Launches Missiles at Israel",U.S. Markets,https://www.wsj.com/finance/stocks/stocks-fall-oil-prices-rise-after-iran-launches-missiles-at-israel-e04f4327
285,2024/10/04,1,American Consumer Spending Boosts September Hiring,U.S. Economy,https://www.wsj.com/business/hospitality/american-consumer-spending-boosts-september-hiring-d5261b07
286,2024/10/04,1,"U.S. Hiring Accelerated in September, Blowing Past Expectations",U.S. Economy,https://www.wsj.com/economy/jobs/jobs-report-september-unemployment-economy-dfa7c99f
287,2024/10/09,1,Fed Minutes Reveal Divide Over Size of September Rate Cut,U.S. Economy,https://www.wsj.com/economy/central-banking/fed-minutes-reveal-divide-over-size-of-september-rate-cut-f519bc17
288,2024/10/12,1,The Economy Under Trump vs. Biden,U.S. Economy,https://www.wsj.com/economy/joe-biden-donald-trump-economy-compared-90d2d0b6
289,2024/10/23,1,Mixed Earnings Extend Stocks’ Pullback From Highs,U.S. Markets,https://www.wsj.com/finance/stocks/global-stocks-markets-dow-news-10-23-2024-acec72f2
290,2024/10/23,2,Home Sales on Track for Worst Year Since 1995,U.S. Economy,https://www.wsj.com/economy/housing/home-sales-on-track-for-worst-year-since-1995-9a2029ae
291,2024/10/27,1,What ‘Farmers for Trump’ Say About Another Trade War,U.S. Economy,https://www.wsj.com/economy/another-trade-war-could-pummel-farmers-many-still-back-trump-afcf22a9
292,2024/10/28,1,Oil Prices Slide After Israeli Strike Avoids Iranian Energy Facilities,U.S. Markets,https://www.wsj.com/finance/commodities-futures/global-stocks-markets-dow-news-10-28-2024-8dfe4cd5
293,2024/10/28,2,Economists Warn of New Inflation Hazards After Election,U.S. Economy,https://www.wsj.com/economy/trump-harris-election-inflation-0797554a
294,2024/10/30,1,U.S. Economic Growth Extends Solid Streak,U.S. Economy,https://www.wsj.com/economy/us-gdp-economy-third-quarter-2024-59bf100b
295,2024/10/30,2,"U.S. Hiring Surged in October, Thanks Partly to Hurricane Relief",U.S. Economy,https://www.wsj.com/economy/jobs/u-s-hiring-surged-in-october-thanks-partly-to-hurricane-relief-b4544e43
296,2024/10/31,1,Big Tech Earnings Drag Down Stocks,U.S. Markets,https://www.wsj.com/finance/stocks/big-tech-earnings-drag-down-stocks-29ce830b
297,2024/11/01,1,Stocks Wrap Up Volatile Week With Gains,U.S. Markets,https://www.wsj.com/finance/stocks/global-stocks-markets-dow-news-11-01-2024-2e8717cf
298,2024/11/01,1,"U.S. Job Growth Gradually Slowing Beyond Storm, Strike Disruptions",U.S. Economy,https://www.wsj.com/economy/jobs/u-s-job-growth-gradually-slowing-beyond-storm-strike-disruptions-bad11a29
299,2024/11/01,1,"U.S. Added 12,000 Jobs in October as Storms Sidelined Workers",U.S. Economy,https://www.wsj.com/economy/jobs/jobs-report-october-unemployment-economy-f771b682
300,2024/11/03,1,Fed Prepares Rate Cut Amid Economic Contradictions,U.S. Economy,https://www.wsj.com/economy/central-banking/fed-prepares-rate-cut-2024-election-99ec0333
301,2024/11/04,1,"Stocks, Treasury Yields Fall Ahead of Tuesday’s Vote",U.S. Markets,https://www.wsj.com/finance/stocks/global-stocks-markets-dow-news-11-04-2024-2ff33c27
302,2024/11/05,1,U.S. Stocks Post Election-Day Climb,U.S. Markets,https://www.wsj.com/finance/global-stocks-markets-dow-news-11-05-2024-5e2ce7f3
303,2024/11/06,1,"Dow Jumps About 1,500 Points, Bonds Tumble on Trump Win",U.S. Markets,https://www.wsj.com/finance/stocks/global-stocks-markets-dow-news-11-06-2024-2cb248af
304,2024/11/06,2,Fed Readies a Rate Cut and Faces These Four Questions,U.S. Economy,https://www.wsj.com/economy/central-banking/fed-readies-a-rate-cut-and-faces-these-four-questions-d32c9e20
305,2024/11/07,1,Trump Enters Just as the Fed Is Shifting Its Focus,U.S. Economy,https://www.wsj.com/economy/central-banking/trump-inherited-economy-fed-interest-rate-cuts-39e0a644
306,2024/11/07,1,"Fed Cuts Rates Again, This Time by a Quarter Point",U.S. Economy,https://www.wsj.com/economy/central-banking/fed-cuts-rates-again-as-election-reshapes-growth-outlook-99d48e83
307,2024/11/07,1,Stocks Keep Climbing as Fed Cuts Rates,U.S. Markets,https://www.wsj.com/finance/stocks/stocks-keep-climbing-as-fed-cuts-rates-f60cad75
308,2024/11/08,1,"Stocks Hit New Records, Close Out Best Week of the Year",U.S. Markets,https://www.wsj.com/finance/stocks/stocks-hit-new-records-close-out-best-week-of-the-year-2b3a35fe
309,2024/11/13,1,"Inflation Stays Firm, but Not Enough to Derail December Fed Cut",U.S. Economy,https://www.wsj.com/economy/cpi-report-inflation-october-interest-rate-9590a488
310,2024/11/14,1,Powell Says Solid Economy Allows Fed to Consider Rate Cuts ‘Carefully’,U.S. Economy,https://www.wsj.com/economy/central-banking/powell-says-solid-economy-allows-fed-to-consider-rate-cuts-carefully-3055c890
311,2024/11/15,1,"Stocks Fall After Fed Comments, Strong Retail Sales Data",U.S. Economy,https://www.wsj.com/economy/central-banking/boston-fed-president-says-december-rate-cut-isnt-a-done-deal-50ef1429
312,2024/11/17,1,How Democrats Blew It on Inflation,U.S. Economy,https://www.wsj.com/economy/inflation-joe-biden-mistakes-aa77b9cf
313,2024/11/20,2,Why Some Tax Cuts Can Be Better Than Others,U.S. Economy,https://www.wsj.com/economy/why-some-tax-cuts-can-be-better-than-others-507717cb
314,2024/11/20,2,American Companies Are Stocking Up to Get Ahead of Trump’s China Tariffs,U.S. Economy,https://www.wsj.com/economy/trade/american-companies-are-stocking-up-to-get-ahead-of-trumps-china-tariffs-c1ca4744
315,2024/11/21,2,U.S. Home Sales Rose in October,U.S. Economy,https://www.wsj.com/economy/housing/home-sales-rose-in-october-following-decline-in-mortgage-rates-edd27898
316,2024/11/22,2,"Republicans Are Feeling Good Again, Driving Up Consumer Sentiment",U.S. Economy,https://www.wsj.com/economy/consumers/consumer-sentiment-survey-trump-economy-5e4c4c58
317,2024/11/26,1,What Trump’s New Tariff Threats Mean for the U.S. Economy,U.S. Economy,https://www.wsj.com/economy/trade/what-trumps-new-tariff-threats-mean-for-the-u-s-economy-f0e4e69a
318,2024/11/26,2,Fed Minutes Signal More Caution on Cuts if Inflation Progress Stalls,U.S. Economy,https://www.wsj.com/economy/central-banking/fed-minutes-signal-more-caution-on-cuts-if-inflation-progress-stalls-682fdd17
319,2024/11/26,2,"How Trump’s Tariffs on China Changed U.S. Trade, in Charts",U.S. Economy,https://www.wsj.com/economy/trade/how-trumps-tariffs-on-china-changed-u-s-trade-in-charts-bb5b5d53
320,2024/11/28,1,Global Chip Stocks Rally; Mexican Peso Rises,U.S. Markets,https://www.wsj.com/finance/stocks/global-stocks-markets-dow-update-11-28-2024-242b9b0d
321,2024/11/28,1,What Trump’s Immigration Plans Mean for America’s Job Growth,U.S. Economy,https://www.wsj.com/economy/jobs/trump-immigration-policy-job-growth-567fb3cd
322,2024/12/02,2,U.S. Factory Activity Contracts as Demand Remains Weak,U.S. Economy,https://www.wsj.com/economy/u-s-factory-activity-contracts-as-demand-remains-weak-9b36c963
323,2024/12/03,2,U.S. Job Openings Increased in October,U.S. Economy,https://www.wsj.com/economy/jobs/u-s-job-openings-increased-in-october-5d5a39b1
324,2024/12/03,2,Construction Industry Braces for One-Two Punch: Tariffs and Deportations,U.S. Economy,https://www.wsj.com/economy/trump-immigration-deportation-policy-construction-impact-b8db1120
325,2024/12/04,2,Powell Says Economic Strength Gives Fed Ability to Take Time on Rate Cuts,U.S. Economy,https://www.wsj.com/economy/central-banking/december-fed-rate-cut-powell-be4a617f
326,2024/12/04,2,U.S. Services Sector Slows as Firms Gauge Trump Policies,U.S. Economy,https://www.wsj.com/economy/u-s-services-sector-slows-as-firms-gauge-trump-policies-a7dd9d34
327,2024/12/04,2,U.S. Factory Orders Rose in October,U.S. Economy,https://www.wsj.com/economy/u-s-factory-orders-rose-in-october-9ab04125
328,2024/12/05,2,Farmers Face Tight Budget as Incomes Fall Again,U.S. Economy,https://www.wsj.com/business/farmers-face-tight-budget-as-incomes-fall-again-31c057e7
329,2024/12/05,2,U.S. Economy Is Doing What Few Others Are: Getting More Productive,U.S. Economy,https://www.wsj.com/economy/u-s-economy-is-doing-what-few-others-are-getting-more-productive-4c2116f5
330,2024/12/06,1,"Hiring Bounced Back With 227,000 Jobs Added Last Month",U.S. Economy,https://www.wsj.com/economy/jobs/jobs-report-november-unemployment-economy-3088b8cc
331,2024/12/06,2,"Consumer Confidence Jumps Despite Split Between Republicans, Democrats",U.S. Economy,https://www.wsj.com/economy/consumer-confidence-jumps-despite-split-between-republicans-democrats-42ec30a1
332,2024/12/07,1,The Key to Affordable Living Is Moving In With Your Sibling,U.S. Economy,https://www.wsj.com/economy/housing/living-buying-with-siblings-2e0a16a9
333,2024/12/09,2,"U.S. Wholesale Inventories Rose in October, Reversing September’s Fall",U.S. Economy,https://www.wsj.com/economy/u-s-wholesale-inventories-rose-in-october-reversing-septembers-fall-b054c566
334,2024/12/11,1,"Strengthening Inflation Poses Challenge for Trump, Fed",U.S. Economy,https://www.wsj.com/economy/cpi-report-inflation-november-interest-rate-d2520eaa
335,2024/12/12,2,Inflation Is Stuck. Can Trump Unstick It?,U.S. Economy,https://www.wsj.com/economy/inflation-prices-trump-president-186fb5cc
336,2024/12/14,1,Americans Are Stockpiling to Get Ahead of Tariffs,U.S. Economy,https://www.wsj.com/economy/tariff-price-fear-stockpile-bd418b8a
337,2024/12/16,2,"U.S. Activity Accelerates Again, Driven by Services Strength",U.S. Economy,https://www.wsj.com/economy/u-s-activity-accelerates-again-driven-by-services-strength-dc52c63e
338,2024/12/16,2,The Fed’s Game Plan on Interest-Rate Cuts Keeps Shifting,U.S. Economy,https://www.wsj.com/economy/central-banking/fed-interest-rate-cut-outlook-2025-657e718a
339,2024/12/18,1,Why Are Americans Paying So Much More for Healthcare Than They Used To?,U.S. Economy,https://www.wsj.com/health/healthcare/american-healthcare-spending-charts-explained-adaa0e23
340,2024/12/18,1,The Next Big Fed Debate: Has the Era of Very Low Rates Ended?,U.S. Economy,https://www.wsj.com/economy/central-banking/federal-reserve-interest-rates-2025-557b047e
341,2024/12/18,1,"Fed Signals Plan to Slow Rate Cuts, Sending Stocks Lower",U.S. Economy,https://www.wsj.com/economy/central-banking/fed-cuts-interest-rates-again-but-officials-expect-fewer-reductions-in-2025-70562fac
342,2024/12/18,1,"Dow Industrials Fall 1,100 Points After Fed Interest-Rate Decision",U.S. Markets,https://www.wsj.com/finance/stocks/global-stocks-markets-dow-news-12-18-2024-4668ad62
343,2024/12/20,1,Stocks Rally on Hopes for More Rate Cuts,U.S. Markets,https://www.wsj.com/finance/stocks/stocks-rally-on-hopes-for-more-rate-cuts-fdefe364
344,2024/12/20,2,Consumer Confidence Climbs Driven by Republican Sentiment,U.S. Economy,https://www.wsj.com/economy/consumers/consumer-confidence-climbs-driven-by-republican-sentiment-ecfee0a1
345,2024/12/27,1,Tech Slide Weighs on U.S. Stocks,U.S. Markets,https://www.wsj.com/finance/stocks/global-stocks-markets-dow-news-12-27-2024-90ec762b
346,2024/12/27,2,Dow Industrials Eke Out Gain; Bond Yields Grind Higher,U.S. Markets,https://www.wsj.com/finance/stocks/global-stocks-markets-dow-news-12-26-2024-37cbef86
347,2024/12/27,2,The Fed Is Trying—Again—to Size Up Trump,U.S. Economy,https://www.wsj.com/economy/central-banking/the-fed-is-tryingagainto-size-up-trump-77c8fc9b
348,2025/01/01,1,Why Breakfast Is Busting Your Food Budget,U.S. Economy,https://www.wsj.com/finance/commodities-futures/why-breakfast-is-busting-your-food-budget-a52165e7
349,2025/01/02,1,The American Worker Is Becoming More Productive,U.S. Economy,https://www.wsj.com/economy/jobs/worker-productivity-america-growing-36f4c90c
350,2025/01/04,1,He’s a Factory Owner and Friends With Trump. That Makes Tariffs Personal.,U.S. Economy,https://www.wsj.com/business/hes-a-factory-owner-and-friends-with-trump-that-makes-tariffs-personal-7da3638f
351,2025/01/05,1,Unemployed Office Workers Are Having a Harder Time Finding New Jobs,U.S. Economy,https://www.wsj.com/economy/jobs/job-search-workers-unemployment-months-5a4cfcee
352,2025/01/08,1,The Uncertain Future of Two U.S. Border Towns That Thrived Off Trade,U.S. Economy,https://www.wsj.com/economy/trade/these-border-cities-thrived-under-trump-1-0-his-policies-now-threaten-to-undo-them-41299fad
353,2025/01/08,1,Fed Minutes Suggest Officials Will Hold Rates Steady for Now,U.S. Economy,https://www.wsj.com/economy/central-banking/fed-minutes-suggest-officials-will-hold-rates-steady-for-now-9e95486d
354,2025/01/10,1,"Hiring Blew Past Expectations With 256,000 Jobs Added in December",U.S. Economy,https://www.wsj.com/economy/jobs/jobs-report-december-2024-unemployment-economy-c8031ef9
355,2025/01/13,1,Balance of Power Shifts Back Toward Bosses,U.S. Economy,https://www.wsj.com/economy/jobs/balance-of-power-shifts-back-toward-bosses-a2861df1
356,2025/01/19,1,Biden Leaves With an Uncertain Economic Legacy. Not So in This Indiana Town.,U.S. Economy,https://www.wsj.com/economy/biden-leaves-with-an-uncertain-economic-legacy-not-so-in-this-indiana-town-78d0b4c2
357,2025/01/20,1,"Bitcoin Hits Record, Dollar Falls on Trump’s Inauguration Day",U.S. Markets,https://www.wsj.com/finance/stocks/global-stocks-markets-dow-news-01-20-2025-d809dbee
358,2025/01/24,1,Stock Investors Like Trump 2.0,U.S. Markets,https://www.wsj.com/finance/stocks/stock-investors-like-trump-2-0-871074ac
359,2025/01/24,1,U.S. Homes Sales in 2024 Fell to Lowest Level in Nearly 30 Years,U.S. Economy,https://www.wsj.com/economy/housing/u-s-homes-sales-in-2024-fell-to-lowest-level-in-nearly-30-years-3ce94fd9
360,2025/01/24,2,U.S. Activity Loses Pace at Start of Year,U.S. Economy,https://www.wsj.com/economy/u-s-activity-loses-pace-at-start-of-year-d2a57263
361,2025/01/25,1,Trump Tries to Forge ‘Golden Age’ Economy of Self-Reliance and Defiance,U.S. Economy,https://www.wsj.com/politics/policy/trump-economic-vision-policy-plan-e570b32b
362,2025/01/28,2,U.S. Consumers Lose Confidence at Start of Trump’s Second Term,U.S. Economy,https://www.wsj.com/economy/u-s-consumers-lose-confidence-at-start-of-trump-second-term-0e48375b
363,2025/01/28,2,U.S. Home Prices Gained Further Toward End of 2024,U.S. Economy,https://www.wsj.com/economy/housing/u-s-home-prices-gained-further-toward-end-of-2024-4b538327
364,2025/01/28,2,Why Tariffs Are a Key Wild Card for the Fed,U.S. Economy,https://www.wsj.com/economy/central-banking/the-trouble-with-tariffs-what-you-think-about-prices-matters-to-the-fed-a4c7acf7
365,2025/01/29,1,Trump Lashes Out at a Favorite Nemesis: The Federal Reserve,U.S. Economy,https://www.wsj.com/economy/central-banking/trump-lashes-out-at-a-favorite-nemesis-the-federal-reserve-fa31a212
366,2025/01/29,1,"Fed Stands Pat on Rates, Entering New Wait-and-See Phase",U.S. Economy,https://www.wsj.com/economy/central-banking/fed-stands-pat-on-rates-entering-new-wait-and-see-phase-0bb33cc7
367,2025/01/30,2,U.S. GDP Grew 2.5% in 2024,U.S. Economy,https://www.wsj.com/economy/us-gdp-economy-fourth-quarter-2024-9ccb1816
368,2025/01/31,1,"Markets End January Higher, and With One More Speed Bump",U.S. Markets,https://www.wsj.com/finance/stocks/markets-end-january-higher-and-with-one-more-speed-bump-2ac56e25
369,2025/01/31,2,Fed’s Bowman Skeptical That Central Bank Still Very Restrictive,U.S. Economy,https://www.wsj.com/economy/central-banking/feds-bowman-skeptical-that-central-bank-still-very-restrictive-ce8ed220
370,2025/01/31,2,PCE Inflation Accelerated in December,U.S. Economy,https://www.wsj.com/economy/central-banking/pce-inflation-accelerated-in-december-be039e82
371,2025/02/01,1,Tariffs Are Here. The Price Hikes Coming for These Items May Surprise You.,U.S. Economy,https://www.wsj.com/economy/trade/tariffs-are-nearly-here-the-price-hikes-coming-for-these-items-may-surprise-you-99cba7a4
372,2025/02/01,1,Trump’s New Import Tariffs Will Jolt the Economy,U.S. Economy,https://www.wsj.com/economy/trade/trump-tariffs-what-next-prices-inflation-f497f161
373,2025/02/03,1,"Trump Tariffs Caused a Market Meltdown, but Investors Shook It Off",U.S. Markets,https://www.wsj.com/finance/stocks/global-stocks-markets-dow-news-02-03-2025-148e65a0
374,2025/02/04,1,Stocks Recover Despite China Tariff Fears,U.S. Markets,https://www.wsj.com/finance/stocks/stocks-recover-despite-china-tariff-fears-8e6b3b61
375,2025/02/04,2,Fewer Americans Are Quitting Their Jobs,U.S. Economy,https://www.wsj.com/economy/jobs/job-market-fewer-workers-quitting-economy-bef34675
376,2025/02/07,1,"Hiring Slows but Remains Solid, With Economy Adding 143,000 Jobs",U.S. Economy,https://www.wsj.com/economy/jobs/jobs-report-january-2025-unemployment-economy-1cb95d5b
377,2025/02/07,2,The Mood of the American Consumer Is Souring,U.S. Economy,https://www.wsj.com/economy/consumers/americans-jittery-over-inflation-university-of-michigan-survey-suggests-1476cf39
378,2025/02/07,2,U.S. Wholesale Inventories Fell Back in December,U.S. Economy,https://www.wsj.com/economy/u-s-wholesale-inventories-fell-back-in-december-f6e5987e
379,2025/02/08,1,Tariffs Helped a South Carolina Town. They Left American Shoppers Worse Off.,U.S. Economy,https://www.wsj.com/economy/trade/trump-newberry-south-carolina-tariff-economic-impact-120bc0c0
380,2025/02/10,2,Solid January Jobs Report Plays Into the Fed’s Pause,U.S. Economy,https://www.wsj.com/economy/central-banking/solid-january-jobs-report-plays-into-the-feds-pause-eac9e334
381,2025/02/11,1,Powell Says Fed Doesn’t Need to Rush on Rate Cuts,U.S. Economy,https://www.wsj.com/economy/central-banking/fed-chair-jerome-powell-senate-c34205c6
382,2025/02/12,1,"Inflation Heated Up in January, Freezing the Fed",U.S. Economy,https://www.wsj.com/economy/cpi-inflation-january-2025-interest-rate-34aa95db
383,2025/02/12,3,Why Today’s Inflation Report Is Especially Important,U.S. Economy,https://www.wsj.com/economy/central-banking/inflation-consumer-prices-2025-interest-rates-02b9163c
384,2025/02/13,3,Trump Layoffs Push Federal Workers Into Tough Job Hunt,U.S. Economy,https://www.wsj.com/economy/jobs/federal-workers-jobs-doge-37b761cd
385,2025/02/14,1,DOGE’s Federal Job Cuts Threaten Republican Districts Too,U.S. Economy,https://www.wsj.com/politics/policy/federal-workers-doge-job-cuts-maps-988416ec
386,2025/02/14,3,ICE Raids Send Chill Through Migrant Workforces,U.S. Economy,https://www.wsj.com/economy/ice-raids-send-chill-through-migrant-workforces-cddf7537
387,2025/02/17,1,Defense Rally Pushes European Stocks to New Record,U.S. Markets,https://www.wsj.com/finance/stocks/global-stocks-markets-dow-news-02-18-2025-b95bc60b
388,2025/02/19,1,Fed Minutes Reveal Little Appetite for Near-Term Rate Cuts,U.S. Economy,https://www.wsj.com/economy/central-banking/fed-minutes-show-inflation-jitters-cast-a-chill-over-rate-cuts-fddd5707
389,2025/02/21,2,"Home Sales Fell 4.9% in January, Extending Slump in Housing Market",U.S. Economy,https://www.wsj.com/economy/housing/january-home-sales-fall-4-9-extending-slump-in-housing-market-97527aa7
390,2025/02/23,1,The U.S. Economy Depends More Than Ever on Rich People,U.S. Economy,https://www.wsj.com/economy/consumers/us-economy-strength-rich-spending-2c34a571
